location_id,location
1,git://git.kernel.org/pub/scm/linux/kernel/git/torvalds/linux-2.6.git
2,http://cgit.freedesktop.org/gstreamer/gst-plugins-bad/
3,git://libpng.git.sourceforge.net/libpng/libpng
4,git://git.sv.gnu.org/weechat/scripts.git
5,git://git.infradead.org/mtd-2.6.git
6,git://git.kernel.org/pub/scm/linux/kernel/git/avi/kvm.git
7,git.videolan.org/vlc.git
8,git://git.sv.gnu.org/gnutls.git
9,git://git.videolan.org/vlc.git
10,git://git.fedorahosted.org/freeipa.git
11,git://git.frugalware.org/pub/frugalware/frugalware-current
12,git://git.op5.org/nagios.git
13,http://github.com/rails/rails/
14,git://anonscm.debian.org/collab-maint/no-ip.git
15,git://git.fedorahosted.org/cluster.git
16,http://github.com/Illydth/wowraidmanager/
17,http://git.gnome.org/cgit/xmlsec/
18,http://cgit.freedesktop.org/gstreamer/gst-plugins-good/
19,projects/dtc.git
20,http://cgit.freedesktop.org/gstreamer/gst-plugins-base/
21,http://git.savannah.gnu.org/cgit/freetype/freetype2.git/
22,git://git.kernel.org/pub/scm/linux/hotplug/udev.git
23,http://github.com/bratsche/pango/
24,http://git.gnome.org/cgit/gimp/
25,http://cgit.freedesktop.org/ooo-build/ooo-build/
26,http://git.savannah.gnu.org/cgit/gzip.git/
27,http://qt.gitorious.org/qt/qt/
28,http://github.com/alandekok/freeradius-server/
29,http://github.com/macournoyer/thin/
30,http://cgit.freedesktop.org/poppler/poppler/
31,http://perl5.git.perl.org/perl.git/
32,http://github.com/gisle/html-parser/
33,http://git.savannah.gnu.org/cgit/libtool.git/
34,git://anonscm.debian.org/lintian/lintian.git
35,http://git.gnome.org/browse/network-manager-applet/
36,git://git.ganeti.org/ganeti.git
37,http://github.com/Dieterbe/uzbl/
38,http://git.gnome.org/browse/gnome-screensaver/
39,projects/chrony/chrony.git
40,http://git.savannah.gnu.org/cgit/qemu.git/
41,git://git.fedorahosted.org/cronie.git
42,git://git.postgresql.org/git/postgresql.git
43,gitweb.samba.org/samba.git
44,http://git.gnome.org/browse/gtk+/
45,git://git.kernel.org/pub/scm/virt/kvm/qemu-kvm.git
46,http://cgit.freedesktop.org/PolicyKit/
47,http://cgit.freedesktop.org/udisks/
48,http://github.com/memcached/memcached/
49,http://github.com/ensc/irssi-proxy/
50,http://cgit.freedesktop.org/dbus/dbus-glib/
51,http://github.com/phpbb/phpbb3/
52,projects/clamav-devel.git
53,http://github.com/kr/beanstalkd/
54,http://git.savannah.gnu.org/cgit/freetype/freetype2-demos.git/
55,http://git.gnome.org/browse/evince/
56,http://git.gnome.org/browse/vte/
57,https://github.com/AndyA/CGI--Simple/
58,projects/perl.git
59,http://github.com/pawelz/uzbl/
60,git://git.videolan.org/vlc/vlc-1.1.git
61,git://git.videolan.org/vlc/vlc-1.0.git
62,git://libhx.git.sourceforge.net/libhx/libhx
63,git://anonscm.debian.org/users/olberger-guest/nusoap.git
64,https://github.com/orbeon/orbeon-forms/
65,git://git.altlinux.org/people/ldv/packages/pam.git
66,http://git.gnome.org/browse/gnome-subtitles/
67,http://www.qt.gitorious.org/qt-creator/qt-creator/
68,git://git.fedorahosted.org/luci.git
69,https://github.com/railsdog/spree/
70,https://github.com/mono/mono/
71,/pub/scm/linux/kernel/git/torvalds/linux-2.6.git
72,https://github.com/cakephp/cakephp/
73,http://git.exim.org/exim.git/
74,http://cgit.freedesktop.org/dbus/dbus/
75,http://git.savannah.gnu.org/cgit/patch.git/
76,https://github.com/kraih/mojo/
77,http://cgit.freedesktop.org/harfbuzz/
78,git://anonscm.debian.org/pkg-php/php.git
79,http://cgit.freedesktop.org/xorg/app/xrdb/
80,https://github.com/yoe/nbd/
81,git://fuse.git.sourceforge.net/fuse/fuse
82,https://derf.homelinux.org/git/feh/
83,https://github.com/erlang/otp/
84,http://git.gnome.org/browse/vino/
85,git://git.0pointer.de/avahi.git
86,git://libcg.git.sourceforge.net/libcg/libcg
87,https://github.com/bestpractical/rt/
88,http://hjemli.net/git/cgit/
89,http://git.gnome.org/browse/gimp/
90,http://git.gnome.org/browse/libxslt/
91,http://git.gnome.org/browse/xmlsec/
92,git://git.sv.gnu.org/weechat.git
93,https://github.com/sitaramc/gitolite/
94,git://modplug-xmms.git.sourceforge.net/modplug-xmms/modplug-xmms
95,https://github.com/jedisct1/pure-ftpd/
96,http://git.gnome.org/browse/gdm/
97,https://git.process-one.net/ejabberd/mainline/
98,http://code.citadel.org/cgit.cgi/git.citadel.org/
99,git://git.fedorahosted.org/sssd.git
100,https://gitweb.torproject.org/tor.git/
101,git://nbd.git.sourceforge.net/nbd/nbd
102,git://git.videolan.org/ffmpeg.git
103,https://github.com/webmin/webmin/
104,http://cgit.freedesktop.org/NetworkManager/NetworkManager/
105,http://git.gnome.org/browse/libxml2/
106,projects/bazsi/syslog-ng-3.2.git
107,https://github.com/FFmpeg/FFmpeg/
108,https://github.com/djabberd/DJabberd/
109,http://cgit.freedesktop.org/libreoffice/filters/
110,gitweb.samba.org/cifs-utils.git
111,http://cgit.freedesktop.org/xorg/lib/libXfont/
112,https://github.com/rails/rails/
113,https://github.com/mantisbt/mantisbt/
114,projects/rsyslog.git
115,http://git.cyrusimap.org/cyrus-imapd/
116,https://github.com/solj/bcfg2/
117,git://git.openfabrics.org/ofed_1_5/linux-2.6.git
118,https://github.com/punbb/punbb/
119,https://github.com/phppgadmin/phppgadmin/
120,http://git.gnome.org/browse/empathy/
121,git://phpldapadmin.git.sourceforge.net/phpldapadmin/phpldapadmin
122,https://github.com/bsdperimeter/pfsense/
123,https://github.com/reviewboard/reviewboard/
124,https://github.com/Dolibarr/dolibarr/
125,https://github.com/symphonycms/symphony-2/
126,https://github.com/jenkinsci/winstone/
127,http://gitorious.org/colord/master/
128,https://github.com/openstack/nova/
129,https://github.com/liblime/LibLime-Koha/
130,https://github.com/stefanesser/suhosin/
131,https://github.com/forkcms/forkcms/
132,https://gitorious.org/kadu/kadu/
133,https://github.com/inspircd/inspircd/
134,git://git.kernel.org/pub/scm/linux/kernel/git/stable/stable-queue.git
